{"Average Net Electricity Production": {"minimum": 0.17, "maximum": 8.95, "median": 3.0599999999999996, "average": 3.56752, "mean": 3.56752, "standard deviation": 2.41072276498149}, "Average Production Temperature": {"minimum": 93.7, "maximum": 196.2, "median": 141.25, "average": 143.88160000000005, "mean": 143.88160000000005, "standard deviation": 29.09873367416527}, "Average Annual Total Electricity Generation": {"minimum": 4.15, "maximum": 74.74, "median": 24.33, "average": 27.568720000000006, "mean": 27.568720000000006, "standard deviation": 17.05559237205205}}
