{"Producible Heat (reservoir)": {"minimum": 248000000000000.0, "maximum": 901000000000000.0, "median": 546000000000000.0, "average": 548480000000000.0, "mean": 548480000000000.0, "standard deviation": 198900200100452.38}, "Producible Heat/Unit Area (reservoir)": {"minimum": 2360000000000.0, "maximum": 9840000000000.0, "median": 6330000000000.0, "average": 6105600000000.0, "mean": 6105600000000.0, "standard deviation": 1656968509055.015}, "Producible Heat/Unit Volume (reservoir)": {"minimum": 15600000000000.0, "maximum": 35200000000000.0, "median": 29200000000000.0, "average": 27436000000000.0, "mean": 27436000000000.0, "standard deviation": 5697359388348.254}, "Producible Electricity (reservoir)": {"minimum": 148.98, "maximum": 575.17, "median": 332.89, "average": 334.4088, "mean": 334.4088, "standard deviation": 125.37404628773851}, "Producible Electricity/Unit Area (reservoir)": {"minimum": 1.42, "maximum": 6.28, "median": 3.78, "average": 3.7208000000000006, "mean": 3.7208000000000006, "standard deviation": 1.0703304910166764}, "Producible Electricity/Unit Volume (reservoir)": {"minimum": 9.43, "maximum": 22.28, "median": 17.45, "average": 16.7092, "mean": 16.7092, "standard deviation": 3.753099966694199}}
